GISJOIN,higher_level,med_inc,ba_prop,pov_prop
G0900010,NA,109268.2905966126,0.4735474220539429,0.08823589726984744
G0900030,NA,80190.26573228842,0.3775315449051002,0.11123271282081841
G0900050,NA,81884.65351905723,0.3507925670862028,0.06992543129895472
G0900070,NA,87694.5714778773,0.41523839989224864,0.06905173341435471
G0900090,NA,74848.40081597444,0.3490229117297584,0.11869370288812739
G0900110,NA,76858.70300869722,0.3333581268827602,0.10175482303847531
G0900130,NA,86120.83532909148,0.4115364556169813,0.06909034721762355
G0900150,NA,67041.4468728777,0.24145212076310427,0.10510181148019958
G0900010010101,Fairfield County,155375,0.6624373956594324,0.09109784583441474
G0900010010102,Fairfield County,250001,0.8160028198801551,0.044036697247706424
G0900010010201,Fairfield County,246667,0.7943396226415095,0.07860262008733625
G0900010010202,Fairfield County,188625,0.703218456280262,0.07009878419452888
G0900010010300,Fairfield County,234625,0.824625502374863,0.044926413632842756
G0900010010400,Fairfield County,113275,0.5420028476506882,0.055565024714504856
G0900010010500,Fairfield County,68796,0.40198339483394835,0.08799609629147691
G0900010010600,Fairfield County,99922,0.7131498470948012,0.08702213279678069
G0900010010700,Fairfield County,64722,0.5138730520714557,0.08482020312928905
G0900010010800,Fairfield County,134375,0.6879637262984336,0.039587852494577004
G0900010010900,Fairfield County,146339,0.6301173776123676,0.04524886877828054
G0900010011000,Fairfield County,244500,0.7924416888101565,0.04397847467062535
G0900010011100,Fairfield County,250001,0.827106227106227,0.059161147902869755
G0900010011200,Fairfield County,215250,0.7528384279475983,0.06128830519074421
G0900010011300,Fairfield County,90532,0.3711843711843712,0.08353510895883777
G0900010020100,Fairfield County,52451,0.5674898105969791,0.1472233320015981
G0900010020200,Fairfield County,250001,0.75889477668433,0.03711850426175419
G0900010020300,Fairfield County,207353,0.7695990424895273,0.015061096902529127
G0900010020400,Fairfield County,175932,0.6776364996260285,0.03229194014176949
G0900010020500,Fairfield County,184219,0.6327193932827736,0.018764022027330206
G0900010020600,Fairfield County,140313,0.5237686139747996,0.003969003969003969
G0900010020700,Fairfield County,143958,0.6013712047012733,0.03566265060240964
G0900010020800,Fairfield County,173750,0.6499493414387031,0.006342494714587738
G0900010020900,Fairfield County,68333,0.4234575087310827,0.05842419255297264
G0900010021000,Fairfield County,106349,0.5401284109149278,0.042599672310213
G0900010021100,Fairfield County,106875,0.49824067558057705,0.08290753255315642
G0900010021200,Fairfield County,133309,0.6379477250726041,0.012679425837320573
G0900010021300,Fairfield County,107358,0.4618149146451033,0.037318435754189944
G0900010021400,Fairfield County,53113,0.2331327889987108,0.18742103046469186
G0900010021500,Fairfield County,45091,0.1585835257890685,0.2125258305515816
G0900010021600,Fairfield County,84225,0.6807486631016043,0.1260358192996525
G0900010021700,Fairfield County,86651,0.626742587865698,0.12137911544439735
G0900010021801,Fairfield County,76982,0.49535405318808073,0.09991099243435692
G0900010021802,Fairfield County,66829,0.33415233415233414,0.08151859703218346
G0900010021900,Fairfield County,59421,0.33820173436786855,0.05807103181282612
G0900010022000,Fairfield County,66250,0.33007334963325186,0.04548267326732673
G0900010022100,Fairfield County,57654,0.2611835153222966,0.14409857328145265
G0900010022200,Fairfield County,74611,0.4939386736391728,0.17347283158960514
G0900010022300,Fairfield County,71168,0.2950574138791812,0.23042385057471265
G0900010022400,Fairfield County,186250,0.7673112913287585,0.03614457831325301
G0900010030100,Fairfield County,250001,0.8240997229916898,0.022982362373062535
G0900010030200,Fairfield County,229500,0.8826454500248633,0.0452449567723343
G0900010030300,Fairfield County,250001,0.9000367511944138,0.010813352139163141
G0900010030400,Fairfield County,152000,0.7085946145333825,0.04556677890011223
G0900010030500,Fairfield County,171875,0.7791654839625319,0.030318602261048305
G0900010035100,Fairfield County,126492,0.6984649122807017,0.030879162945004465
G0900010035200,Fairfield County,250001,0.9169602415702064,0.03095086151882578
G0900010035300,Fairfield County,250001,0.8464106844741235,0.012139605462822459
G0900010035400,Fairfield County,250001,0.8364427860696517,0.04056872037914692
G0900010042500,Fairfield County,128512,0.5381279363932057,0.07444105691056911
G0900010042600,Fairfield County,103516,0.48504640770024066,0.022985664854176965
G0900010042700,Fairfield County,91758,0.49655875605404026,0.025968672712283595
G0900010042800,Fairfield County,103052,0.40460526315789475,0.09885512989872303
G0900010042900,Fairfield County,137083,0.6932103939647947,0.040675844806007506
G0900010043000,Fairfield County,111528,0.5410189982728842,0.10127005347593583
G0900010043100,Fairfield County,132847,0.5298094652735095,0.061611374407582936
G0900010043200,Fairfield County,79107,0.3908094435075885,0.06196999347684279
G0900010043300,Fairfield County,81250,0.3238993710691824,0.05657395701643489
G0900010043400,Fairfield County,63068,0.2927913623372499,0.11378504672897197
G0900010043500,Fairfield County,106964,0.4649073554183043,0.04594820384294068
G0900010043600,Fairfield County,97356,0.39819974282040294,0.07047193877551021
G0900010043700,Fairfield County,67607,0.5179220779220779,0.20525451559934318
G0900010043800,Fairfield County,61559,0.32670237184391737,0.06674224174578433
G0900010043900,Fairfield County,87407,0.4389507892293408,0.0998384491114701
G0900010044000,Fairfield County,48605,0.19600288947748615,0.19596025411304774
G0900010044100,Fairfield County,67500,0.45177434030937214,0.2164705882352941
G0900010044200,Fairfield County,52977,0.3737547234627276,0.11659979939819458
G0900010044300,Fairfield County,95441,0.45803288145370635,0.05881057268722467
G0900010044400,Fairfield County,59375,0.2554552294958615,0.16558049722423365
G0900010044500,Fairfield County,57952,0.16895604395604397,0.16547619047619047
G0900010044600,Fairfield County,196364,0.7732371794871795,0.04336734693877551
G0900010045101,Fairfield County,212500,0.8058139534883721,0.01783097215437225
G0900010045102,Fairfield County,158873,0.7120906801007557,0.050491358861402914
G0900010045200,Fairfield County,122500,0.7356687898089171,0.024380165289256198
G0900010045300,Fairfield County,222663,0.8585858585858586,0.0231629392971246
G0900010045400,Fairfield County,212125,0.7693357597816196,0.009112286890064668
G0900010050100,Fairfield County,236250,0.8266666666666667,0.03735498839907193
G0900010050200,Fairfield County,157625,0.8007352941176471,0.029735132433783108
G0900010050300,Fairfield County,241875,0.7834532374100719,0.04227753153767474
G0900010050400,Fairfield County,125938,0.6755079006772009,0.04285714285714286
G0900010050500,Fairfield County,160089,0.7417197452229299,0.08572021585720216
G0900010050600,Fairfield County,197344,0.8186294624538367,0.04352839434995676
G0900010055100,Fairfield County,204034,0.7859277370279816,0.023848534498452575
G0900010055200,Fairfield County,242417,0.8448679371447676,0.030981787732886748
G0900010060100,Fairfield County,123750,0.5045385779122542,0.054094665664913597
G0900010060200,Fairfield County,128889,0.6349784696919509,0.026749888542131076
G0900010060300,Fairfield County,146364,0.6779039941370465,0.007560483870967742
G0900010060400,Fairfield County,231806,0.808338937457969,0.012228260869565218
G0900010060500,Fairfield County,201023,0.7744988864142539,0.01908682634730539
G0900010060600,Fairfield County,159479,0.7371134020618557,0.06411323896752706
G0900010060700,Fairfield County,181217,0.7094088259783514,0.01851498377552968
G0900010060800,Fairfield County,159083,0.7045454545454546,0.020257826887661142
G0900010060900,Fairfield County,138000,0.5711060948081265,0.018590240123934933
G0900010061000,Fairfield County,76224,0.4920399851906701,0.09954637096774194
G0900010061100,Fairfield County,160438,0.7240672406724067,0.03582635983263598
G0900010061200,Fairfield County,87821,0.47692307692307695,0.15397350993377484
G0900010061300,Fairfield County,91364,0.5002267573696145,0.09106354060482501
G0900010061400,Fairfield County,79208,0.46048109965635736,0.042525351651946354
G0900010061500,Fairfield County,144783,0.7440694954894754,0.07685933291899731
G0900010061600,Fairfield County,123194,0.7062228654124457,0.082972718720602065
G0900010070100,Fairfield County,85000,0.4788732394366197,0.13476118271417742
G0900010070200,Fairfield County,37365,0.14432989690721648,0.2154008997089177
G0900010070300,Fairfield County,7821,0.04440497335701599,0.722024233784747
G0900010070400,Fairfield County,27026,0.3768595041322314,0.1630012936610608
G0900010070500,Fairfield County,21118,0.40014847809948034,0.3937046004842615
G0900010070600,Fairfield County,20129,0.2828162291169451,0.30201342281879195
G0900010070900,Fairfield County,36375,0.15556865055981142,0.34827332843497427
G0900010071000,Fairfield County,44526,0.14029995162070633,0.22932628797886392
G0900010071100,Fairfield County,43327,0.10976872626855368,0.23081967213114754
G0900010071200,Fairfield County,23750,0.11426141196484264,0.3761038961038961
G0900010071300,Fairfield County,29760,0.08112874779541446,0.24046610169491525
G0900010071400,Fairfield County,41063,0.08608385370205174,0.33954571927781013
G0900010071600,Fairfield County,20000,0.04588744588744589,0.5593286494925839
G0900010071900,Fairfield County,36732,0.14586421583160392,0.24821880027579868
G0900010072000,Fairfield County,52267,0.21152263374485597,0.15434354793365196
G0900010072100,Fairfield County,52188,0.26717016757139483,0.14149821640903687
G0900010072200,Fairfield County,49360,0.2586830680173661,0.149829441091577
G0900010072300,Fairfield County,72043,0.1771756122980719,0.1287037037037037
G0900010072400,Fairfield County,55781,0.21723730814639905,0.10564733000384172
G0900010072500,Fairfield County,66178,0.2499316379546076,0.12867383512544803
G0900010072600,Fairfield County,72228,0.28871851040525737,0.07561728395061729
G0900010072700,Fairfield County,81044,0.2618483412322275,0.09093237704918032
G0900010072800,Fairfield County,50192,0.15314285714285714,0.2141554177307552
G0900010072900,Fairfield County,61290,0.13815789473684212,0.07459157351676698
G0900010073000,Fairfield County,80833,0.26102675343456255,0.11438223938223938
G0900010073100,Fairfield County,39333,0.21210782147591692,0.1813304721030043
G0900010073200,Fairfield County,49729,0.18192090395480226,0.16846153846153847
G0900010073300,Fairfield County,34048,0.11830742659758203,0.21076359537897998
G0900010073400,Fairfield County,52244,0.11218195836545874,0.08647073111488948
G0900010073500,Fairfield County,38529,0.05946201038225578,0.2505163765122455
G0900010073600,Fairfield County,38643,0.04356181934657271,0.31022596706242817
G0900010073700,Fairfield County,39330,0.08895164136957288,0.19498806682577566
G0900010073800,Fairfield County,21165,0.07479431563201197,0.44315004659832247
G0900010073900,Fairfield County,30760,0.03597122302158273,0.2721763085399449
G0900010074000,Fairfield County,37589,0.08735213830755233,0.3146503884572697
G0900010074300,Fairfield County,39941,0.13700107874865156,0.2518676627534685
G0900010074400,Fairfield County,42679,0.0840755254720342,0.24691620586984261
G0900010080100,Fairfield County,72598,0.2639181462533855,0.19103352509422733
G0900010080200,Fairfield County,61563,0.2255813953488372,0.1182548794489093
G0900010080400,Fairfield County,54643,0.1572280178837556,0.1494139012712564
G0900010080500,Fairfield County,83565,0.4535541195476575,0.07138284250960307
G0900010080600,Fairfield County,72083,0.4304190377651319,0.07887435592548553
G0900010080700,Fairfield County,61140,0.2673456397199236,0.1262699564586357
G0900010080800,Fairfield County,95500,0.4340450424100614,0.04090328078397955
G0900010080900,Fairfield County,85341,0.3348361887586414,0.030460008288437628
G0900010081000,Fairfield County,64319,0.19520319786808793,0.0907749077490775
G0900010081100,Fairfield County,105588,0.3018446059250978,0.045510708401976935
G0900010081200,Fairfield County,110833,0.4412773818949591,0.04552380952380952
G0900010081300,Fairfield County,70748,0.46797568957456753,0.05431502715751358
G0900010090100,Fairfield County,136136,0.6292460646230323,0.009237875288683603
G0900010090200,Fairfield County,115521,0.5547528517110266,0.01592115238817286
G0900010090300,Fairfield County,125457,0.48274799753542824,0.02485284499672989
G0900010090400,Fairfield County,104496,0.47332333404756805,0.020520673813169986
G0900010090500,Fairfield County,119906,0.5219023779724656,0.006346519991537973
G0900010090600,Fairfield County,111111,0.581676750216076,0.029850746268656716
G0900010090700,Fairfield County,161774,0.5901960784313726,0.022540983606557378
G0900010100100,Fairfield County,124886,0.5100791018116867,0.023817625042531473
G0900010100200,Fairfield County,109266,0.4403708386009271,0.04432326621923938
G0900010100300,Fairfield County,120321,0.5077313639510732,0.03360705596107056
G0900010105100,Fairfield County,139506,0.6659953004363881,0.03079215296746958
G0900010105200,Fairfield County,158448,0.5653923541247485,0.033419023136246784
G0900010110100,Fairfield County,62569,0.3378243512974052,0.19148073022312373
G0900010110201,Fairfield County,88490,0.31964549483013294,0.045828437132784956
G0900010110202,Fairfield County,84048,0.31457733577597485,0.06164685160722149
G0900010110301,Fairfield County,78003,0.43843283582089554,0.033338650502472485
G0900010110302,Fairfield County,102061,0.46283185840707963,0.012686330478908976
G0900010110400,Fairfield County,100858,0.4611064307778714,0.010547667342799188
G0900010110500,Fairfield County,109886,0.4105852179995337,0.033560566334556896
G0900010110600,Fairfield County,110484,0.4357504215851602,0.037142857142857144
G0900010200100,Fairfield County,80982,0.4086556874760628,0.044956140350877194
G0900010200200,Fairfield County,66159,0.4109550561797753,0.04744367417677643
G0900010200301,Fairfield County,136715,0.45466738197424894,0.020317337461300308
G0900010200302,Fairfield County,119167,0.4854525862068966,0.012904366271875552
G0900010205100,Fairfield County,114583,0.4960871044572984,0.03395867964853954
G0900010205200,Fairfield County,121205,0.5657531336307627,0.02236329533977781
G0900010205300,Fairfield County,89441,0.4318854886475814,0.05834767641996558
G0900010210100,Fairfield County,34216,0.15507011866235168,0.2767250625670361
G0900010210200,Fairfield County,42940,0.13772164197230993,0.1713473160327053
G0900010210300,Fairfield County,59901,0.22114154082416176,0.16945024356297841
G0900010210400,Fairfield County,76292,0.31190832087693077,0.05638474295190713
G0900010210500,Fairfield County,93264,0.49538124315014875,0.08102766798418973
G0900010210600,Fairfield County,56579,0.2180648236415634,0.15685939103660623
G0900010210701,Fairfield County,51678,0.150519978106185,0.17015418502202642
G0900010210702,Fairfield County,55788,0.17669432918395575,0.17246835443037975
G0900010210800,Fairfield County,99250,0.4644163150492264,0.07123956849175657
G0900010210900,Fairfield County,120132,0.5120608285264814,0.017172295363480253
G0900010211000,Fairfield County,82857,0.3546176046176046,0.044349070100143065
G0900010211100,Fairfield County,NA,0.05795454545454545,0
G0900010211200,Fairfield County,79316,0.43643983236878864,0.12014893312329944
G0900010211300,Fairfield County,102893,0.4141093474426808,0.07784431137724551
G0900010211400,Fairfield County,100453,0.40441932168550876,0.0815949787705372
G0900010220100,Fairfield County,106324,0.5092592592592593,0.04998121007140173
G0900010220200,Fairfield County,122542,0.5576532094103979,0.018674698795180723
G0900010220300,Fairfield County,104486,0.43665158371040724,0.05304082199389058
G0900010230100,Fairfield County,106813,0.5227871176828033,0.018405797101449274
G0900010230200,Fairfield County,134531,0.6497263487099296,0.03184386235233693
G0900010230300,Fairfield County,131538,0.6078044934962554,0.02608242044861763
G0900010230400,Fairfield County,135179,0.5836431226765799,0.034870457878442236
G0900010230501,Fairfield County,148750,0.6481687014428413,0.028878281622911693
G0900010230502,Fairfield County,107788,0.47724620770128356,0.05230270770654941
G0900010240100,Fairfield County,118152,0.6149271483794231,0.04041749944481457
G0900010240200,Fairfield County,130500,0.6704288939051919,0.04504504504504504
G0900010245100,Fairfield County,171250,0.7577836411609499,0.011466296038915913
G0900010245200,Fairfield County,142941,0.6737089201877934,0.033788474890071744
G0900010245300,Fairfield County,127159,0.7381016402258672,0.011988993710691825
G0900010245400,Fairfield County,172639,0.7810707456978967,0.00648508430609598
G0900010245500,Fairfield County,172206,0.7844221105527638,0.008309364014062001
G0900010245600,Fairfield County,178177,0.773117254528122,0.027614024201054917
G0900010257100,Fairfield County,113506,0.5115384615384615,0.007980187121629059
G0900010257200,Fairfield County,45125,0.2076253626191463,0.17371370351502802
G0900010990000,Fairfield County,NA,NA,NA
G0900030330100,Hartford County,95259,0.2952836637047163,0.022885572139303482
G0900030400100,Hartford County,79775,0.3178402935523327,0.04604374831217931
G0900030400200,Hartford County,130665,0.4704702473813238,0.03255122273628552
G0900030400300,Hartford County,94279,0.4227333206614712,0.033304867634500426
G0900030405100,Hartford County,64831,0.28434197886647455,0.06687598116169545
G0900030405200,Hartford County,65354,0.23259152907394112,0.05821438567030507
G0900030405300,Hartford County,58988,0.1740566037735849,0.09729905629677839
G0900030405401,Hartford County,79900,0.3057509309060819,0.11051693404634581
G0900030405402,Hartford County,63214,0.35842771485676217,0.10273447482749809
G0900030405500,Hartford County,75604,0.32513513513513514,0.05180388529139685
G0900030405600,Hartford County,58734,0.22852512155591573,0.1715520734837228
G0900030405700,Hartford County,46471,0.11124401913875598,0.13055555555555556
G0900030405800,Hartford County,81823,0.35879716100112063,0.07334157395962093
G0900030405900,Hartford County,88558,0.35143570536828966,0.025959618371422234
G0900030406001,Hartford County,48000,0.18651459241865145,0.1769932756964457
G0900030406002,Hartford County,81066,0.31525625744934443,0.10098691760385586
G0900030406100,Hartford County,44679,0.16899441340782123,0.2377655765099069
G0900030410101,Hartford County,115324,0.4640191897654584,0.020573801434503585
G0900030410102,Hartford County,139211,0.5333100802232299,0.022429906542056073
G0900030415300,Hartford County,33519,0.08358662613981763,0.33156028368794327
G0900030415400,Hartford County,44449,0.16237942122186494,0.10611092660245766
G0900030415500,Hartford County,32021,0.10695468914646997,0.3826879271070615
G0900030415600,Hartford County,42092,0.13855627779678412,0.1756578947368421
G0900030415700,Hartford County,48750,0.23479044614691302,0.16371681415929204
G0900030415800,Hartford County,50550,0.23681125439624853,0.24181360201511334
G0900030415900,Hartford County,28716,0.060810810810810814,0.35704514363885087
G0900030416000,Hartford County,41329,0.12027927642018407,0.2736359850062474
G0900030416100,Hartford County,27059,0.10061813186813187,0.3873688541452376
G0900030416200,Hartford County,33750,0.07990165949600492,0.2901023890784983
G0900030416300,Hartford County,37217,0.09230149133413947,0.26725997842502697
G0900030416400,Hartford County,91888,0.44714828897338404,0.013593380614657211
G0900030416500,Hartford County,57070,0.2600666061156524,0.15149651496514965
G0900030416600,Hartford County,26578,0.10847107438016529,0.29986431478968795
G0900030416700,Hartford County,45896,0.23246364414029086,0.18718764198091775
G0900030416800,Hartford County,56071,0.20082177709296353,0.16806136680613668
G0900030417100,Hartford County,26123,0.018970189701897018,0.44792293798916316
G0900030417200,Hartford County,31563,0.2348916761687571,0.32
G0900030417300,Hartford County,NA,0,1
G0900030417400,Hartford County,73113,0.5027253668763103,0.09296482412060302
G0900030417500,Hartford County,61273,0.2505103528725576,0.12319620934740469
G0900030420400,Hartford County,91558,0.38852672750977835,0.027225451208320588
G0900030420500,Hartford County,57193,0.2401341243229301,0.05010615711252654
G0900030420600,Hartford County,57105,0.2909297052154195,0.12131860776439089
G0900030420700,Hartford County,70417,0.2352510076951264,0.07749792416274565
G0900030430100,Hartford County,69575,0.2696526508226691,0.07984442919240449
G0900030430201,Hartford County,83007,0.356477889837083,0.04562518047935316
G0900030430202,Hartford County,118750,0.4470620842572062,0.02752842609216038
G0900030430203,Hartford County,66956,0.3822992700729927,0.026693584567070435
G0900030430301,Hartford County,121333,0.49511527940601796,0.02482566248256625
G0900030430302,Hartford County,84531,0.32262635805384976,0.042876901798063624
G0900030430400,Hartford County,88421,0.35952911231307666,0.02538964303670186
G0900030430500,Hartford County,114583,0.4219738506959089,0.019660014781966002
G0900030430601,Hartford County,57016,0.39790575916230364,0.08292682926829269
G0900030430602,Hartford County,88500,0.36632253470986115,0.020387359836901122
G0900030460100,Hartford County,97630,0.45103394459617635,0.06932245922208281
G0900030460202,Hartford County,104931,0.6532488114104595,0.11715976331360947
G0900030460203,Hartford County,95189,0.7295008912655971,0.05456285896617741
G0900030460204,Hartford County,91405,0.5994804070145053,0.05895546299263057
G0900030460301,Hartford County,100515,0.5588059701492537,0.04671743157028195
G0900030460302,Hartford County,83918,0.5267890595728737,0.08005427408412483
G0900030462101,Hartford County,132375,0.6646586345381527,0.02996821552898441
G0900030462102,Hartford County,180250,0.749902761571373,0.050623052959501556
G0900030462201,Hartford County,101058,0.5701990317374933,0.01478930307941653
G0900030462202,Hartford County,141731,0.8123504068932503,0.04405922715781871
G0900030464101,Hartford County,115497,0.5874381026843889,0.02451442579671884
G0900030464102,Hartford County,76285,0.5250399573787959,0.04610655737704918
G0900030466101,Hartford County,114485,0.695037688442211,0.03918529997786141
G0900030466102,Hartford County,126573,0.6843615494978479,0.021609384647046717
G0900030466201,Hartford County,102606,0.6247933884297521,0.06966053748231966
G0900030466202,Hartford County,153333,0.6670616113744076,0.027340332458442695
G0900030466300,Hartford County,128633,0.6664764621968616,0.06199021207177814
G0900030466400,Hartford County,97083,0.5656565656565656,0.03571428571428571
G0900030468101,Hartford County,129875,0.5594079480940795,0.02722397910078372
G0900030468102,Hartford County,103788,0.5311762723289518,0.042332065906210394
G0900030470100,Hartford County,100689,0.5510419414402532,0.03748097412480974
G0900030471100,Hartford County,71346,0.16804692891649414,0.09122459097669806
G0900030471200,Hartford County,64655,0.17209908735332463,0.07032819825853985
G0900030471300,Hartford County,73036,0.4228094575799722,0.0775686096620549
G0900030471400,Hartford County,112886,0.5638009049773756,0.04960584502980196
G0900030471500,Hartford County,78726,0.29977911012937836,0.041103017689906346
G0900030473100,Hartford County,100889,0.3606487409304311,0.008525012063696316
G0900030473400,Hartford County,62679,0.3721311475409836,0.12374185908821789
G0900030473501,Hartford County,118224,0.5882731958762887,0.032790752535975465
G0900030473502,Hartford County,90825,0.4906318082788671,0.05542725173210162
G0900030473601,Hartford County,106296,0.45398502862175255,0.0012399256044637321
G0900030473602,Hartford County,82150,0.4112814895947426,0.09061619009262989
G0900030473700,Hartford County,59611,0.3011988011988012,0.08547746503194613
G0900030473800,Hartford County,66406,0.26608695652173914,0.11713191023535852
G0900030476100,Hartford County,61250,0.2155425219941349,0.09847998287304646
G0900030476200,Hartford County,89006,0.3140412682435833,0.06822327617657789
G0900030476300,Hartford County,61088,0.22321914083741165,0.04861382272549785
G0900030477101,Hartford County,121625,0.5972409152086138,0.050685602350636634
G0900030477102,Hartford County,106773,0.3487789605510332,0.016388325269236774
G0900030477200,Hartford County,107656,0.4094059405940594,0.006780870806566738
G0900030480300,Hartford County,61133,0.19507575757575757,0.07924358397118415
G0900030480400,Hartford County,79107,0.2515769944341373,0.04134228187919463
G0900030480500,Hartford County,72847,0.14662133446663833,0.03770250368188512
G0900030480600,Hartford County,40321,0.20768,0.34586631486367636
G0900030480700,Hartford County,55167,0.28695114409400124,0.18792866941015088
G0900030480800,Hartford County,75833,0.376017532874139,0.02911993097497843
G0900030480900,Hartford County,81926,0.2775779376498801,0.03844350679793718
G0900030481000,Hartford County,118370,0.4161290322580645,0.012376237623762377
G0900030481100,Hartford County,74167,0.2264486313544259,0.04917610710607621
G0900030481200,Hartford County,84038,0.3458697112155809,0.08386463952918097
G0900030481300,Hartford County,95905,0.28578221588207325,0.02250255710876236
G0900030484100,Hartford County,71556,0.3369589848175844,0.019631410256410256
G0900030484200,Hartford County,79821,0.3678325005948132,0.11087593617714099
G0900030487100,Hartford County,120387,0.46405370290168907,0.028053517479499353
G0900030487201,Hartford County,114911,0.4531869472400122,0.050130208333333336
G0900030487202,Hartford County,156308,0.7237068965517242,0.019602352282273874
G0900030487300,Hartford County,101750,0.33800494641385,0.09993593850096093
G0900030487400,Hartford County,105921,0.4302191464821223,0.020614219604543543
G0900030487500,Hartford County,69356,0.4562864279766861,0.08082622361921868
G0900030490100,Hartford County,71396,0.43512480323813807,0.05104408352668213
G0900030490302,Hartford County,87927,0.5601276452804838,0.010376775787523163
G0900030492100,Hartford County,95652,0.5164473684210527,0.022280856053943126
G0900030492200,Hartford County,88750,0.4233829124870287,0.07348560079443893
G0900030492300,Hartford County,59562,0.2749579023334135,0.07676348547717843
G0900030492400,Hartford County,85500,0.39873987398739874,0.008880431335236283
G0900030492500,Hartford County,85393,0.463474025974026,0.02623732856290996
G0900030492600,Hartford County,98629,0.5147989385588896,0.050920245398773004
G0900030494100,Hartford County,83369,0.434639755925839,0.04786294595549276
G0900030494201,Hartford County,74500,0.35026366916458507,0.0775377969762419
G0900030494202,Hartford County,86250,0.5958168456755228,0.012420022581859239
G0900030494300,Hartford County,79398,0.3255044657624876,0.04080205176031709
G0900030494400,Hartford County,79688,0.416229643941485,0.044857083246401
G0900030494500,Hartford County,85618,0.3934376881396749,0.025065963060686015
G0900030494600,Hartford County,71570,0.35028462998102466,0.053375649163300634
G0900030496100,Hartford County,51306,0.2326783867631851,0.1838209982788296
G0900030496200,Hartford County,75954,0.4293527803099362,0.05013077593722755
G0900030496300,Hartford County,97188,0.5509964830011723,0.05194109772423026
G0900030496400,Hartford County,137000,0.6728334956183057,0.014854827819041188
G0900030496500,Hartford County,133375,0.8125352907961604,0.025969138125705685
G0900030496600,Hartford County,117434,0.672082717872969,0.031227038941954444
G0900030496700,Hartford County,61193,0.46580483736447037,0.12163996741786587
G0900030496800,Hartford County,80324,0.3717892903787549,0.09538850284270373
G0900030496900,Hartford County,82074,0.628254471360652,0.14373286013873204
G0900030497000,Hartford County,180625,0.807909604519774,0.04120017913121361
G0900030497100,Hartford County,73043,0.6495114006514658,0.10827858081471747
G0900030497200,Hartford County,117583,0.6690789473684211,0.019230769230769232
G0900030497300,Hartford County,116786,0.7071129707112971,0.07157146032451656
G0900030497400,Hartford County,148750,0.8536853685368537,0.0255139955412435
G0900030497500,Hartford County,91786,0.6445182724252492,0.15293141592920353
G0900030497600,Hartford County,145000,0.7966305655836342,0.04885701479157328
G0900030497700,Hartford County,185972,0.809106239460371,0.01933763058457435
G0900030500100,Hartford County,30184,0.09866666666666667,0.3878758008871365
G0900030500200,Hartford County,25455,0.15514705882352942,0.5020731247644177
G0900030500300,Hartford County,23633,0.15079872204472844,0.3809976247030879
G0900030500400,Hartford County,31389,0.14368370298939248,0.3837902264600715
G0900030500500,Hartford County,40337,0.3547297297297297,0.3340192043895748
G0900030500700,Hartford County,NA,0,0
G0900030500900,Hartford County,24359,0.06636155606407322,0.384
G0900030501200,Hartford County,24176,0.07511737089201878,0.4434574649812094
G0900030501300,Hartford County,27875,0.07589285714285714,0.4489112227805695
G0900030501400,Hartford County,20046,0.06336753168376584,0.3885245901639344
G0900030501500,Hartford County,37798,0.09406438631790745,0.27162117724432755
G0900030501700,Hartford County,31103,0.05110336817653891,0.37823834196891193
G0900030501800,Hartford County,21410,0.043037974683544304,0.4898798228969007
G0900030502100,Hartford County,78371,0.7530674846625767,0.15552643075578856
G0900030502300,Hartford County,49583,0.13656975193384902,0.18271152564956694
G0900030502400,Hartford County,31250,0.0891993551853842,0.38412955465587045
G0900030502500,Hartford County,38902,0.1393188854489164,0.21699406121516673
G0900030502600,Hartford County,36100,0.15473639091298758,0.18194070080862534
G0900030502700,Hartford County,24107,0.13372093023255813,0.2645600991325898
G0900030502800,Hartford County,27368,0.0525990099009901,0.4920104050538833
G0900030502900,Hartford County,36597,0.23868778280542988,0.21206836414370422
G0900030503000,Hartford County,22125,0.0715962441314554,0.33224873463485177
G0900030503100,Hartford County,29083,0.23693259972489683,0.25468354430379747
G0900030503300,Hartford County,27188,0.1517199017199017,0.39595959595959596
G0900030503500,Hartford County,33641,0.06854345165238677,0.34465086483023705
G0900030503700,Hartford County,42778,0.09510720175920835,0.23358535614803025
G0900030503800,Hartford County,32727,0.1948529411764706,0.4037433155080214
G0900030503900,Hartford County,54632,0.15548329884717707,0.08712529652792754
G0900030504000,Hartford County,48967,0.1830601092896175,0.14130434782608695
G0900030504100,Hartford County,27353,0.09619238476953908,0.4474009900990099
G0900030504200,Hartford County,24757,0.30156739811912225,0.4742349457058243
G0900030504300,Hartford County,25526,0.0968950749464668,0.38915936384290817
G0900030504500,Hartford County,32061,0.11551433389544688,0.31132612407512805
G0900030504800,Hartford County,49046,0.16660454714871412,0.1852013057671382
G0900030504900,Hartford County,37002,0.11653290529695023,0.28644392423919984
G0900030510100,Hartford County,66458,0.2532722513089005,0.08441247002398082
G0900030510200,Hartford County,44151,0.1524390243902439,0.17836965294592413
G0900030510300,Hartford County,50354,0.11500590783773139,0.10994891753831185
G0900030510400,Hartford County,36771,0.09626073774633653,0.23409992069785884
G0900030510500,Hartford County,53664,0.2802816901408451,0.15446304044630405
G0900030510600,Hartford County,41174,0.1474820143884892,0.2221458046767538
G0900030510700,Hartford County,54072,0.16104429451452038,0.12286689419795221
G0900030510800,Hartford County,53125,0.17325227963525835,0.10379177377892031
G0900030510900,Hartford County,86964,0.28835280814172637,0.06982613572630399
G0900030511000,Hartford County,79719,0.2887658227848101,0.07188669160876536
G0900030511100,Hartford County,92163,0.2860243055555556,0.03393457658208499
G0900030511200,Hartford County,60625,0.15232108317214701,0.28019461934745277
G0900030511300,Hartford County,51795,0.20346320346320346,0.10185449358059914
G0900030511400,Hartford County,80254,0.2012121212121212,0.08213193534294452
G0900030514101,Hartford County,90391,0.41915940931465356,0.05310504933255949
G0900030514102,Hartford County,83106,0.6928022861225219,0.04112173038229376
G0900030514200,Hartford County,59602,0.263668430335097,0.14304123711340205
G0900030514300,Hartford County,64543,0.33345145287030475,0.06121412242824486
G0900030514400,Hartford County,57000,0.242284963887065,0.11326781326781327
G0900030514500,Hartford County,68333,0.3209042865531415,0.0455933682373473
G0900030514600,Hartford County,53343,0.282312925170068,0.14461480219572212
G0900030514700,Hartford County,39140,0.22121322193970214,0.19
G0900030514800,Hartford County,39866,0.18163771712158808,0.3047820823244552
G0900030514900,Hartford County,86528,0.31922896097790315,0.058640910658847877
G0900030515000,Hartford County,95303,0.45667125171939477,0.034633385335413415
G0900030515101,Hartford County,74211,0.32824025289778713,0.07791057990261177
G0900030515102,Hartford County,76899,0.5275827482447342,0.0880863989200135
G0900030515200,Hartford County,112112,0.5760330578512397,0.015269655620532813
G0900030520100,Hartford County,130375,0.6527457314259345,0.03812913065582105
G0900030520201,Hartford County,163188,0.6743278404163053,0.022935779816513763
G0900030520202,Hartford County,150956,0.670299727520436,0.012496937025238911
G0900030520301,Hartford County,85647,0.5153550863723608,0.08345086976962858
G0900030520302,Hartford County,67281,0.4594166138237159,0.0919740777666999
G0900030520400,Hartford County,117163,0.6091913699350991,0.019737648645335296
G0900030520501,Hartford County,164167,0.6874176548089591,0.018880800727934487
G0900030524100,Hartford County,109750,0.4918848734040251,0.027121888959795788
G0900030524200,Hartford County,85633,0.4800804828973843,0.08388771702093137
G0900030524300,Hartford County,85514,0.22035815268614514,0.03735554958344531
G0900030524400,Hartford County,31027,0.08224400871459694,0.3495238095238095
G0900030524501,Hartford County,41693,0.4805111821086262,0.13405797101449277
G0900030524502,Hartford County,57179,0.4354265402843602,0.20159503766061143
G0900030524600,Hartford County,36125,0.2778753292361721,0.20428280081577158
G0900030524700,Hartford County,68571,0.10453869047619048,0.10289017341040463
G0900030980000,Hartford County,NA,NA,NA
G0900050250100,Litchfield County,106429,0.5697416974169742,0.0246189917936694
G0900050253100,Litchfield County,63056,0.3183254344391785,0.05372370665150654
G0900050253200,Litchfield County,89219,0.39858944218850184,0.04659774726122512
G0900050253300,Litchfield County,83796,0.30590452261306533,0.021718602455146365
G0900050253400,Litchfield County,107857,0.46527623696472153,0.013909343806251022
G0900050253500,Litchfield County,112314,0.4515042658284688,0.052088452088452086
G0900050253600,Litchfield County,40156,0.3175783324482209,0.10986024844720498
G0900050260200,Litchfield County,68438,0.2244735796583234,0.09457315138051413
G0900050261100,Litchfield County,83698,0.6068796068796068,0.05023990968106125
G0900050262100,Litchfield County,78403,0.4307491289198606,0.13072877535687452
G0900050263200,Litchfield County,82083,0.5141700404858299,0.06989247311827956
G0900050265100,Litchfield County,107813,0.4954296160877514,0.03377902885292048
G0900050266100,Litchfield County,65985,0.413508260447036,0.10597826086956522
G0900050267100,Litchfield County,97604,0.531390134529148,0.06090609060906091
G0900050268100,Litchfield County,137656,0.6281725888324873,0.03479504289799809
G0900050290100,Litchfield County,111071,0.4205397301349325,0.02288204848815037
G0900050293100,Litchfield County,91786,0.28794848206071755,0.042798913043478264
G0900050296100,Litchfield County,98967,0.40461610927932173,0.07078729281767956
G0900050298300,Litchfield County,104948,0.30870841487279843,0.08628714643752237
G0900050298400,Litchfield County,117266,0.4351024697845507,0.012066365007541479
G0900050300100,Litchfield County,94200,0.41192560175054704,0.029449423815621
G0900050300400,Litchfield County,85441,0.4339502233567326,0.0751765893037336
G0900050300500,Litchfield County,66250,0.3723994452149792,0.10195974576271187
G0900050303100,Litchfield County,94500,0.37876960193003617,0.04589160839160839
G0900050306100,Litchfield County,99926,0.43354430379746833,0.029355077835433653
G0900050310100,Litchfield County,61676,0.23304825901038484,0.10295212106177128
G0900050310200,Litchfield County,40532,0.1103448275862069,0.18853135313531352
G0900050310300,Litchfield County,37500,0.20103092783505155,0.2739644970414201
G0900050310400,Litchfield County,70224,0.1687289088863892,0.05088400172488142
G0900050310500,Litchfield County,56719,0.2532981530343008,0.12762685802152743
G0900050310601,Litchfield County,98224,0.35200605601816803,0.04019292604501608
G0900050310602,Litchfield County,78409,0.19350117096018735,0.0431073192635833
G0900050310700,Litchfield County,68690,0.2692048517520216,0.04403004403004403
G0900050310801,Litchfield County,63056,0.20373421197144426,0.1377467105263158
G0900050310803,Litchfield County,46159,0.23948019801980197,0.08995910949568378
G0900050310804,Litchfield County,70313,0.19411485524442335,0.13759479956663057
G0900050320100,Litchfield County,55387,0.19619091326296467,0.2263912974932997
G0900050320200,Litchfield County,76287,0.29015979814970566,0.09695603156708005
G0900050342100,Litchfield County,93750,0.44370860927152317,0.06184056271981243
G0900050349100,Litchfield County,77201,0.28883903533370725,0.057950671746541005
G0900050349200,Litchfield County,64335,0.21973333333333334,0.11021814006888633
G0900050360100,Litchfield County,69276,0.40696042660679205,0.05212561418500321
G0900050360200,Litchfield County,104627,0.431605471562275,0.05738934733683421
G0900050360300,Litchfield County,77740,0.27872168284789645,0.06201771934838525
G0900050360400,Litchfield County,63221,0.1932227829848594,0.041166994809378916
G0900050362101,Litchfield County,70250,0.45972309628697294,0.04153207198892478
G0900050362102,Litchfield County,89427,0.475967463643086,0.05814174425232757
G0900050425300,Litchfield County,90022,0.273145108338805,0.044733044733044736
G0900050425400,Litchfield County,81602,0.2564635958395245,0.06643432803310825
G0900050425500,Litchfield County,67585,0.21498054474708173,0.03717598908594816
G0900050425600,Litchfield County,76667,0.43601675197766404,0.04684014869888476
G0900070541100,Middlesex County,41094,0.25216811207471646,0.21583300512012604
G0900070541200,Middlesex County,68480,0.41629834254143644,0.1324945940632986
G0900070541300,Middlesex County,72813,0.4572791372874326,0.05222013758599124
G0900070541401,Middlesex County,117500,0.4395359214636323,0.04047927461139896
G0900070541402,Middlesex County,76726,0.4274116523400191,0.08954423592493298
G0900070541500,Middlesex County,53633,0.47357512953367875,0.14273995077932733
G0900070541600,Middlesex County,21389,0.20277078085642317,0.40935192780968005
G0900070541700,Middlesex County,35368,0.23412506059137178,0.27901701323251415
G0900070542000,Middlesex County,73053,0.2360838244924689,0.07698132256436144
G0900070542100,Middlesex County,63259,0.40208522212148684,0.12551636479186526
G0900070542200,Middlesex County,88854,0.49048442906574397,0.0637101811367895
G0900070550100,Middlesex County,101301,0.4199623352165725,0.05019373018668545
G0900070550201,Middlesex County,110987,0.44236983842010774,0.04004004004004004
G0900070550202,Middlesex County,86618,0.2869637650978759,0.08986928104575163
G0900070560100,Middlesex County,112028,0.4238603297769156,0.042994176087701265
G0900070560200,Middlesex County,72398,0.2618510158013544,0.09504491451753115
G0900070570100,Middlesex County,96788,0.5274423710208562,0.03201187195251219
G0900070570200,Middlesex County,101683,0.4928390901432182,0.02442795299938157
G0900070570300,Middlesex County,78177,0.41123230447899745,0.06574333800841514
G0900070580100,Middlesex County,93750,0.35778985507246375,0.05769669327251995
G0900070585100,Middlesex County,117631,0.4918347742555235,0.04529616724738676
G0900070590100,Middlesex County,108800,0.45878542510121456,0.05263157894736842
G0900070595101,Middlesex County,93015,0.426781238811314,0.030081088150667016
G0900070595102,Middlesex County,90348,0.269316218217724,0.035077405447775815
G0900070600100,Middlesex County,92417,0.41495327102803736,0.04191761021440617
G0900070610100,Middlesex County,69607,0.4057071960297767,0.1
G0900070610200,Middlesex County,63342,0.3627485176142309,0.09898546750754045
G0900070610300,Middlesex County,84643,0.36838487972508593,0.079031859718449
G0900070610400,Middlesex County,93864,0.42505494505494507,0.033523086654016446
G0900070620100,Middlesex County,71641,0.4098258706467662,0.04742638795234884
G0900070630100,Middlesex County,87000,0.5448705470118747,0.05706814336255961
G0900070640100,Middlesex County,113068,0.5058746736292428,0.03583724569640063
G0900070670100,Middlesex County,92431,0.472682119205298,0.0367965367965368
G0900070670200,Middlesex County,75793,0.43682048804058954,0.04854368932038835
G0900070680100,Middlesex County,89489,0.4564484654958311,0.06515745174865767
G0900070680200,Middlesex County,84286,0.3504711183941008,0.07684426229508197
G0900070990100,Middlesex County,NA,NA,NA
G0900090120100,New Haven County,71042,0.2719152471956793,0.06355656697009103
G0900090120200,New Haven County,45284,0.1535571730453158,0.19990272373540857
G0900090125100,New Haven County,87813,0.26532349602724176,0.08001641362330734
G0900090125200,New Haven County,41843,0.19138991389913898,0.1656299982228541
G0900090125300,New Haven County,48281,0.15306122448979592,0.14534645346453465
G0900090125400,New Haven County,44906,0.1648671096345515,0.20211205632150192
G0900090130101,New Haven County,65140,0.20144284128745837,0.040352314625153624
G0900090130102,New Haven County,75091,0.270521424883841,0.04815073272854152
G0900090130200,New Haven County,82457,0.3463949843260188,0.04042875451473844
G0900090140100,New Haven County,69787,0.8281303602058319,0.15725806451612903
G0900090140200,New Haven County,17500,0.17017828200972449,0.48877005347593583
G0900090140300,New Haven County,36875,0.07545839210155147,0.38695299837925445
G0900090140400,New Haven County,43125,0.22062469013386218,0.35501034584688146
G0900090140500,New Haven County,24750,0.0627659574468085,0.4184272300469484
G0900090140600,New Haven County,31074,0.12678625722103984,0.38666666666666666
G0900090140700,New Haven County,30015,0.39865118021730983,0.3275734386571217
G0900090140800,New Haven County,27526,0.14156378600823044,0.3251336898395722
G0900090140900,New Haven County,37039,0.22450980392156863,0.28017144146176404
G0900090141000,New Haven County,88333,0.6410695920466233,0.056645962732919254
G0900090141100,New Haven County,91994,0.6487948844072798,0.06397083195227046
G0900090141200,New Haven County,36194,0.25078963992419456,0.27214428857715434
G0900090141300,New Haven County,36522,0.32862068965517244,0.25773415831021973
G0900090141400,New Haven County,53250,0.3729767769176636,0.16920069504778454
G0900090141500,New Haven County,25817,0.15022675736961452,0.34012591119946983
G0900090141600,New Haven County,32943,0.23132454488386692,0.30222117202268434
G0900090141800,New Haven County,50125,0.6595590892663534,0.2620977078027321
G0900090141900,New Haven County,74135,0.8317452939809435,0.12126068376068376
G0900090142000,New Haven County,51844,0.8327948303715671,0.2085357390700902
G0900090142100,New Haven County,41250,0.4454106280193237,0.393485342019544
G0900090142200,New Haven County,63200,0.6801173881144534,0.17150573936529373
G0900090142300,New Haven County,36567,0.1309599491417673,0.3218796433878158
G0900090142400,New Haven County,35152,0.06487187804086929,0.36831715742720844
G0900090142500,New Haven County,34375,0.14207807118254878,0.28001387925052046
G0900090142601,New Haven County,49238,0.23301237964236587,0.1547404617651875
G0900090142603,New Haven County,21925,0.1369334619093539,0.3329627570872707
G0900090142604,New Haven County,64180,0.2253199268738574,0.13610071452875128
G0900090142700,New Haven County,39813,0.21719038817005545,0.21920668058455114
G0900090142800,New Haven County,67823,0.45648493057907213,0.033316633266533065
G0900090150100,New Haven County,96304,0.588008800880088,0.051316376617581434
G0900090150200,New Haven County,75449,0.4536041417761848,0.03152206544581207
G0900090150300,New Haven County,86591,0.3628731343283582,0.06802554027504912
G0900090150400,New Haven County,63464,0.27345309381237526,0.07246009627565239
G0900090150500,New Haven County,83981,0.41405307599517494,0.0651077487391105
G0900090150600,New Haven County,103125,0.4329465474605288,0.09444212285833682
G0900090150700,New Haven County,123529,0.44636251541307026,0.0070407040704070405
G0900090150800,New Haven County,78882,0.383756345177665,0.05645805592543276
G0900090150900,New Haven County,108967,0.4791950886766712,0.04138644593895499
G0900090151000,New Haven County,87452,0.3926325247079964,0.03375634517766497
G0900090151100,New Haven County,97538,0.44049247606019154,0.043170661276349984
G0900090151200,New Haven County,82708,0.352847471127041,0.04663536776212832
G0900090154100,New Haven County,56489,0.2711067580803134,0.1743404035178479
G0900090154200,New Haven County,52649,0.2604501607717042,0.13587191691908265
G0900090154500,New Haven County,50372,0.23716814159292035,0.18019754276078054
G0900090154600,New Haven County,46299,0.15931372549019607,0.18117313150425735
G0900090154700,New Haven County,91049,0.2928054662379421,0.072611859420963
G0900090154800,New Haven County,89333,0.29191155891407783,0.03099001663893511
G0900090154900,New Haven County,65306,0.2765432098765432,0.06600482962167964
G0900090155000,New Haven County,53877,0.1869742198100407,0.12045319022063208
G0900090155100,New Haven County,37305,0.21122403888643393,0.07102367455818606
G0900090157100,New Haven County,61875,0.4330886504799548,0.07790651218537754
G0900090157200,New Haven County,118409,0.5657080451401529,0.02566788894709272
G0900090157300,New Haven County,135972,0.6334578663345787,0.023213747362074162
G0900090157400,New Haven County,131442,0.6108144192256342,0.024539877300613498
G0900090160100,New Haven County,155250,0.7706715395157606,0.019362898188632106
G0900090160200,New Haven County,131250,0.598066949552098,0.05720946915351507
G0900090161100,New Haven County,119653,0.4452340112717471,0.031068313953488372
G0900090165100,New Haven County,74643,0.36459709379128136,0.07398393769773667
G0900090165200,New Haven County,107756,0.7363445378151261,0.044984076433121016
G0900090165300,New Haven County,103681,0.7716262975778547,0.02157639806252752
G0900090165400,New Haven County,82500,0.5655582589889159,0.10336590662323561
G0900090165500,New Haven County,50272,0.12346477052359406,0.12425381384037143
G0900090165600,New Haven County,63228,0.30868861305990286,0.11785830884753509
G0900090165700,New Haven County,78472,0.2863978127136022,0.1316152784169351
G0900090165801,New Haven County,67500,0.3811905952976488,0.08616504854368932
G0900090165802,New Haven County,104107,0.4440993788819876,0.03613604156825697
G0900090165900,New Haven County,110036,0.5166604961125509,0.032547374511789386
G0900090166001,New Haven County,70925,0.524948024948025,0.11855670103092783
G0900090166002,New Haven County,84350,0.5564215520162656,0.03289473684210526
G0900090167100,New Haven County,111639,0.5745188213251575,0.05132655591371188
G0900090167201,New Haven County,78750,0.33428030303030304,0.03998061545917131
G0900090167202,New Haven County,83489,0.3427967381455754,0.04734111543450065
G0900090167300,New Haven County,108088,0.3675503288818019,0.03403565640194489
G0900090170100,New Haven County,30867,0.07760532150776053,0.3287577213452299
G0900090170200,New Haven County,39096,0.14182344428364688,0.1367211131276467
G0900090170300,New Haven County,46116,0.1547049441786284,0.2294250281848929
G0900090170400,New Haven County,61296,0.2413793103448276,0.07620709714950552
G0900090170500,New Haven County,76533,0.2802671262386902,0.0778150747635032
G0900090170600,New Haven County,49811,0.20476431829700964,0.08141878274889158
G0900090170700,New Haven County,63426,0.32655367231638416,0.15907241659886087
G0900090170800,New Haven County,49717,0.21768421052631579,0.2019674146941285
G0900090170900,New Haven County,39063,0.14050179211469535,0.24085064292779426
G0900090171000,New Haven County,32513,0.12441093308199812,0.2669717772692601
G0900090171100,New Haven County,65521,0.2002212389380531,0.07660526768807023
G0900090171200,New Haven County,89438,0.32133333333333336,0.054187772411355875
G0900090171300,New Haven County,65658,0.16220238095238096,0.12177121771217712
G0900090171400,New Haven County,45503,0.17066895368782162,0.14787798408488065
G0900090171500,New Haven County,45953,0.1573389651531151,0.15988945913936045
G0900090171600,New Haven County,62691,0.13612701717855283,0.05004084967320262
G0900090171700,New Haven County,84428,0.3254528707399447,0.041029376062151006
G0900090175100,New Haven County,62950,0.26786516853932585,0.03762903762903763
G0900090175200,New Haven County,57734,0.3335483870967742,0.1623459413514662
G0900090175300,New Haven County,73237,0.3025776215582894,0.045351473922902494
G0900090175400,New Haven County,68088,0.2199635922330097,0.053053945608559964
G0900090175500,New Haven County,74449,0.37393767705382436,0.041967956897773995
G0900090175600,New Haven County,87962,0.3807007786429366,0.027800324675324676
G0900090175700,New Haven County,99000,0.38190184049079756,0.03325942350332594
G0900090175800,New Haven County,123537,0.4740384615384615,0.025108643167551906
G0900090175900,New Haven County,70147,0.34786012526096033,0.03640929064657878
G0900090176000,New Haven County,100872,0.4693961952026468,0.032241728561782576
G0900090180100,New Haven County,64219,0.2503635985871598,0.10376794258373205
G0900090180200,New Haven County,58842,0.2542955326460481,0.1379602918717122
G0900090180300,New Haven County,53148,0.15843373493975904,0.12270742358078603
G0900090180400,New Haven County,86500,0.17391304347826086,0.04295665634674923
G0900090180500,New Haven County,77632,0.28426092160383004,0.05644644002565747
G0900090180601,New Haven County,63315,0.16469474680548982,0.08789571694599628
G0900090180602,New Haven County,88516,0.26193001060445387,0.07227958697378872
G0900090184100,New Haven County,58791,0.3361852038248616,0.07078607743449354
G0900090184200,New Haven County,62340,0.31839156229400134,0.15206185567010308
G0900090184300,New Haven County,101997,0.49512987012987014,0.03300094966761633
G0900090184400,New Haven County,81406,0.5369532428355958,0.03413173652694611
G0900090184500,New Haven County,103224,0.45276008492569003,0.04052443384982122
G0900090184600,New Haven County,121776,0.649031648559282,0.014619883040935672
G0900090184700,New Haven County,81420,0.42270419935394554,0.05203223545900491
G0900090186100,New Haven County,81071,0.3570896911053219,0.015200562983814215
G0900090186200,New Haven County,89417,0.32895510684179574,0.04646550502904094
G0900090190100,New Haven County,85745,0.5686427457098284,0.074354127284184
G0900090190200,New Haven County,107344,0.6913671730270471,0.016755096341803964
G0900090190301,New Haven County,135023,0.611791571517542,0.027529547420005764
G0900090190302,New Haven County,105335,0.5421436004162331,0.04724716907458024
G0900090190303,New Haven County,111875,0.604842196281885,0.034597875569044007
G0900090194100,New Haven County,74722,0.5984555984555985,0.0536779324055666
G0900090194201,New Haven County,114250,0.6196960726268008,0.01862123613312203
G0900090194202,New Haven County,129833,0.672837800497375,0.0385470719051149
G0900090341100,New Haven County,86842,0.3517455762792922,0.034629903167569344
G0900090343101,New Haven County,114792,0.44344222330570454,0.020651310563939634
G0900090343102,New Haven County,108125,0.553933784264863,0.029637470230219634
G0900090343200,New Haven County,114924,0.5190210806881512,0.005245672320335723
G0900090343300,New Haven County,112083,0.5933641975308642,0.0407663497551138
G0900090343400,New Haven County,107292,0.5702895509861519,0.008682406702208682
G0900090344100,New Haven County,104028,0.4894620077648364,0.07033949989835332
G0900090344200,New Haven County,120357,0.6264248704663212,0.006254598969830758
G0900090345100,New Haven County,61506,0.2387490465293669,0.12829819907859835
G0900090345201,New Haven County,80938,0.25997377786102266,0.06666666666666667
G0900090345202,New Haven County,88162,0.2988074957410562,0.07333010648596322
G0900090345300,New Haven County,61699,0.30552473929443086,0.04641951837769328
G0900090345400,New Haven County,67174,0.3295557570262919,0.10841121495327102
G0900090346101,New Haven County,94783,0.3977226514843432,0.031432748538011694
G0900090346102,New Haven County,109336,0.36911178814155143,0.01269737913071789
G0900090347100,New Haven County,99403,0.3533424283765348,0.016353933551385782
G0900090347200,New Haven County,101371,0.3179916317991632,0.03955696202531646
G0900090348111,New Haven County,121964,0.35068093385214005,0.15358361774744028
G0900090348122,New Haven County,126786,0.5529110216038081,0.05496108949416342
G0900090348123,New Haven County,125262,0.634215258155664,0.017035775127768313
G0900090348124,New Haven County,58387,0.46623655913978496,0.061124694376528114
G0900090348125,New Haven County,64432,0.4921118184334348,0.07155797101449275
G0900090350100,New Haven County,12815,0.07375751820196265,0.5648439736616089
G0900090350200,New Haven County,31609,0.05196850393700787,0.3591341423417514
G0900090350300,New Haven County,27000,0.05246913580246913,0.413677130044843
G0900090350400,New Haven County,20929,0.07587687902648532,0.5321661237785016
G0900090350500,New Haven County,23029,0.09664209664209664,0.4849573417153121
G0900090350800,New Haven County,33750,0.12018072289156627,0.3384511557280243
G0900090350900,New Haven County,67888,0.289344262295082,0.26153846153846155
G0900090351000,New Haven County,53564,0.21090448013524937,0.11703741152679474
G0900090351100,New Haven County,33566,0.07184241019698726,0.23114355231143552
G0900090351200,New Haven County,31572,0.0584958217270195,0.27129337539432175
G0900090351300,New Haven County,45446,0.1323943661971831,0.16688156198194878
G0900090351400,New Haven County,32219,0.11957349581111958,0.29993041057759223
G0900090351500,New Haven County,52617,0.10663160969909437,0.20673934588701684
G0900090351601,New Haven County,43580,0.14369900271985495,0.1785375118708452
G0900090351602,New Haven County,54979,0.2739309746038637,0.15736849731922908
G0900090351700,New Haven County,30149,0.1016260162601626,0.40359319858838627
G0900090351800,New Haven County,51026,0.2613277133825079,0.06830309498399147
G0900090351900,New Haven County,73924,0.36042848141146816,0.11900191938579655
G0900090352000,New Haven County,78906,0.30736196319018405,0.06950207468879668
G0900090352100,New Haven County,52401,0.13656227239621269,0.24170616113744076
G0900090352200,New Haven County,30350,0.057960893854748605,0.3748683748683749
G0900090352300,New Haven County,38000,0.11794582392776523,0.20893516963385958
G0900090352400,New Haven County,57704,0.11375346809353944,0.23653462524935878
G0900090352500,New Haven County,54636,0.2061105722599418,0.06760048721071864
G0900090352600,New Haven County,44760,0.11722054380664652,0.12948583420776497
G0900090352701,New Haven County,32942,0.19773478055686644,0.1607599561563756
G0900090352702,New Haven County,68234,0.16045224921818618,0.052420126267457436
G0900090352800,New Haven County,53707,0.22540983606557377,0.22425828970331588
G0900090361100,New Haven County,77340,0.28716508210890235,0.10283424840480783
G0900090361200,New Haven County,90445,0.29419160170983155,0.023861967694566815
G0900090361300,New Haven County,97375,0.2633107454017425,0.021975479990747167
G0900090361401,New Haven County,29745,0.8129404228058936,0.43766233766233764
G0900090361402,New Haven County,60000,0.7932960893854749,0.14195583596214512
G0900090361500,New Haven County,53528,0.2132701421800948,0.20520887956650935
G0900090990000,New Haven County,NA,NA,NA
G0900110650100,New London County,96146,0.6137453383058071,0.022681247468610773
G0900110660101,New London County,89574,0.556237218813906,0.013247073321010475
G0900110660102,New London County,97448,0.5192007492975336,0.04133811230585424
G0900110690300,New London County,36575,0.12971810797897754,0.3547128589263421
G0900110690400,New London County,48561,0.19310344827586207,0.20448179271708683
G0900110690500,New London County,20930,0.1960285132382892,0.4046220133176655
G0900110690700,New London County,47315,0.1935483870967742,0.05740432612312812
G0900110690800,New London County,39750,0.18105726872246697,0.38292449824784963
G0900110690900,New London County,81115,0.5242631735635606,0.048041894353369766
G0900110693300,New London County,77006,0.4278113663845224,0.04017189835575486
G0900110693400,New London County,55556,0.251953125,0.10880696364567333
G0900110693500,New London County,95288,0.5023640661938534,0.07068607068607069
G0900110693600,New London County,96573,0.40355940355940356,0.050515463917525774
G0900110693700,New London County,109375,0.4267260579064588,0.03673064195896757
G0900110695201,New London County,69583,0.2494172494172494,0.08657587548638132
G0900110695202,New London County,83836,0.2135096835144072,0.09357612544258978
G0900110696100,New London County,44940,0.15328467153284672,0.13050776332354175
G0900110696200,New London County,74886,0.3066996155958265,0.054679284963196635
G0900110696300,New London County,98384,0.38986883763003166,0.0457205559619605
G0900110696400,New London County,46442,0.06109690252912759,0.2508979885057471
G0900110696500,New London County,58472,0.2914364640883978,0.13289609941318606
G0900110696600,New London County,91548,0.248424543946932,0.017713365539452495
G0900110696700,New London County,39985,0.16536530953708867,0.2170669577874818
G0900110696800,New London County,45392,0.14545454545454545,0.19558783965563625
G0900110697000,New London County,46019,0.20096560048280024,0.14754098360655737
G0900110700100,New London County,75568,0.23634735899731424,0.07286755250750107
G0900110701100,New London County,89290,0.410431654676259,0.039418825015792795
G0900110701200,New London County,95058,0.4390489623211767,0.04869186046511628
G0900110702100,New London County,92519,0.3906844106463878,0.08515130190007038
G0900110702300,New London County,77500,0.2793733681462141,0.03737505432420687
G0900110702400,New London County,76447,0.31530815109343935,0.07284588203316118
G0900110702500,New London County,40957,0.1900926298832058,0.21742128246380144
G0900110702600,New London County,94286,0.4728132387706856,0.0308411214953271
G0900110702700,New London County,55121,0.3206229860365199,0.06815286624203822
G0900110702800,New London County,71406,0.2700622938805423,0.1885766092475068
G0900110702900,New London County,111023,0.5785634118967452,0.045207956600361664
G0900110703000,New London County,92880,0.6770906535488405,0.06002886002886003
G0900110705101,New London County,73797,0.4378484749098065,0.05414826864977922
G0900110705102,New London County,56779,0.36039070394072076,0.17716442557206888
G0900110705200,New London County,89728,0.5762184583477359,0.05594602192859151
G0900110705300,New London County,91875,0.5453931825852177,0.06859528780196839
G0900110705400,New London County,97576,0.4191355026711996,0.05941704035874439
G0900110707100,New London County,76985,0.33950290851401377,0.03131563872446057
G0900110708100,New London County,75673,0.1935483870967742,0.06955842125830403
G0900110709100,New London County,80721,0.2022050716648291,0.09213699951760733
G0900110709200,New London County,53980,0.16353383458646617,0.11623581923005394
G0900110710100,New London County,88553,0.20218037661050545,0.020389032106866652
G0900110711100,New London County,65688,0.19828815977175462,0.12290884260839877
G0900110712100,New London County,94000,0.2677106636838181,0.04896626768226333
G0900110713100,New London County,87109,0.29898558462359853,0.038656774697383836
G0900110714101,New London County,70357,0.2801556420233463,0.09724950884086445
G0900110714103,New London County,121042,0.45589105979869743,0.06387462136178058
G0900110714104,New London County,99063,0.39906103286384975,0.05854616895874263
G0900110715100,New London County,113000,0.45884705098300566,0.027020447906523856
G0900110716101,New London County,83085,0.3182127466545702,0.08281829419035847
G0900110716102,New London County,125104,0.5136540962288687,0.06002554278416347
G0900110870100,New London County,95757,0.38284671532846715,0.044444444444444446
G0900110870200,New London County,59848,0.2523638734920117,0.08531416989128432
G0900110870300,New London County,23378,0.1899260628465804,0.44615832363213037
G0900110870501,New London County,72153,0.20826905276149338,0.082970488630866
G0900110870502,New London County,62563,0.13246143527833668,0.0657130084935181
G0900110870701,New London County,81111,0.5161699429296132,0.03277060575968222
G0900110870703,New London County,84091,0.5339506172839507,0.060770156438026475
G0900110870704,New London County,83065,0.5071405902887972,0.07219538378958669
G0900110980000,New London County,NA,0.24818840579710144,0
G0900110990100,New London County,NA,NA,NA
G0900130526101,Tolland County,118132,0.5438937479753806,0.022295081967213116
G0900130526102,Tolland County,108674,0.482981220657277,0.03078169299311462
G0900130528100,Tolland County,101098,0.4,0.022339435308718587
G0900130529100,Tolland County,105417,0.4603729603729604,0.04677648972950987
G0900130530100,Tolland County,62333,0.293854033290653,0.04261645193260654
G0900130530200,Tolland County,41675,0.19562043795620437,0.17868385549392896
G0900130530301,Tolland County,51707,0.2662304982385506,0.09157368218545595
G0900130530302,Tolland County,85322,0.5451189499589828,0.0684931506849315
G0900130530400,Tolland County,60793,0.3836642937429749,0.07716312056737588
G0900130530500,Tolland County,81000,0.3951905626134301,0.04676753782668501
G0900130530600,Tolland County,97917,0.46359959555106167,0.014308426073131956
G0900130533101,Tolland County,116955,0.4750542299349241,0.02648293680697599
G0900130533102,Tolland County,111667,0.47518126045733405,0.021328344246959775
G0900130535100,Tolland County,77047,0.46810435831699593,0.03239995708614955
G0900130535200,Tolland County,96118,0.42903364969801555,0.04033338294389046
G0900130538100,Tolland County,NA,0.0539906103286385,NA
G0900130538201,Tolland County,104688,0.4379347244515784,0.021477318346045764
G0900130538202,Tolland County,106389,0.4050802139037433,0.022764227642276424
G0900130840100,Tolland County,74940,0.3740875912408759,0.13089182773821634
G0900130850100,Tolland County,91277,0.4327127659574468,0.026390364860077932
G0900130850200,Tolland County,91531,0.4193875481646725,0.04505835426207712
G0900130860100,Tolland County,106604,0.45663716814159294,0.022874008485519275
G0900130881100,Tolland County,85012,0.5922045264040234,0.15760346487006738
G0900130881200,Tolland County,29917,0.35833333333333334,0.49909255898366606
G0900130881300,Tolland County,38056,0.518348623853211,0.3109651627641348
G0900130881500,Tolland County,78750,0.5497416020671835,0.18236113876169618
G0900130890100,Tolland County,54952,0.2146705346042271,0.1025574786876776
G0900130890201,Tolland County,84700,0.27503852080123264,0.048106165330384296
G0900130890202,Tolland County,82540,0.23015873015873015,0.046224347479577606
G0900150800300,Windham County,30773,0.2062673542245141,0.36473050758765047
G0900150800400,Windham County,60307,0.20043010752688173,0.10349770642201835
G0900150800500,Windham County,55441,0.22891304347826086,0.20798287199877658
G0900150800600,Windham County,27019,0.17349781138081974,0.32753326509723646
G0900150800700,Windham County,43343,0.17507274490785646,0.25566064775007163
G0900150815000,Windham County,68889,0.2772384034519957,0.0528123658222413
G0900150820000,Windham County,75288,0.2804709141274238,0.03655913978494624
G0900150825000,Windham County,89000,0.27545909849749584,0.03513022410660206
G0900150830100,Windham County,68269,0.3309307427138828,0.09980988593155894
G0900150900100,Windham County,85525,0.3071761960326721,0.04836227742360959
G0900150900200,Windham County,74023,0.24845814977973568,0.039403620873269436
G0900150901100,Windham County,89531,0.40223562810503904,0.04441315755791629
G0900150902200,Windham County,86667,0.3338368580060423,0.028959810874704492
G0900150902500,Windham County,78958,0.44826351593268887,0.054454203262233374
G0900150903100,Windham County,52885,0.1937875751503006,0.09241071428571429
G0900150903200,Windham County,76458,0.3715415019762846,0.07396694214876033
G0900150904100,Windham County,69868,0.21240916713247623,0.03181169757489301
G0900150904400,Windham County,56417,0.24973656480505796,0.13153998025666339
G0900150904500,Windham County,50530,0.1902569074163839,0.15207858270478863
G0900150905100,Windham County,72090,0.24140713248345974,0.08018929932956488
G0900150906100,Windham County,92835,0.21609006040637013,0.03277393879565647
G0900150907100,Windham County,70968,0.10180372974625497,0.05842362438920756
G0900150907200,Windham County,63693,0.1608761329305136,0.13686694499909238
G0900150907300,Windham County,59469,0.1258259911894273,0.0723175965665236
G0900150908100,Windham County,77985,0.18528402592451393,0.04046858359957402
G09001150,NA,53540,0.19688610082382285,0.1447732595273579
G09002550,NA,47763,0.07866507747318235,0.26988155668358715
G09002690,NA,50000,0.2235494880546075,0.06986301369863014
G09004790,NA,76462,0.4144196106705119,0.04351989785060651
G09004945,NA,75163,0.41451831750339213,0.05626740947075209
G09006050,NA,59868,0.14204003813155386,0.051216854340719216
G09007345,NA,61163,0.37129205653991637,0.06767503508498363
G09008000,NA,45441,0.18304460321347574,0.21381669429065134
G09008420,NA,66829,0.2689345917265343,0.10811581082666935
G09008770,NA,77545,0.36690186016677356,0.13881259243608704
G09009120,NA,61406,0.17172897196261683,0.10377358490566038
G09010660,NA,86607,0.37226038599934574,0.09084440227703985
G09010870,NA,46917,0.15164369034994699,0.10327455919395466
G09011990,NA,NA,0.48148148148148145,0.1724137931034483
G09012370,NA,67750,0.3934126258005489,0.04918032786885246
G09014200,NA,100164,0.5822757111597374,0.0461272040302267
G09014370,NA,111094,0.5234505862646566,0.07456140350877193
G09015420,NA,65486,0.35803402646502835,0.0871345029239766
G09015840,NA,73225,0.305770887166236,0.09264585045193098
G09016120,NA,89536,0.5810097965335342,0.04665492957746479
G09016960,NA,59263,0.22284812978819288,0.07936275942706811
G09017520,NA,137019,0.6853858058810524,0.05378831694621168
G09017835,NA,86298,0.3274647887323944,0.07166242269916333
G09018220,NA,131103,0.4952137843012125,0
G09018430,NA,71672,0.3226349299977447,0.11713997192187385
G09018780,NA,41491,0.14754098360655737,0.2149321266968326
G09018920,NA,210511,0.8128997867803838,0.030745898249000415
G09019200,NA,70227,0.4283143371325735,0.06655574043261231
G09019480,NA,56301,0.216356221756861,0.1318181818181818
G09020740,NA,111643,0.46102564102564103,0.030233448143895905
G09021160,NA,NA,0.08291203235591507,0.1562962962962963
G09022420,NA,84844,0.39925373134328357,0.1073279052553664
G09022700,NA,55468,0.19297937177684013,0.14054856042986608
G09022980,NA,65333,0.2348503051564227,0.0934461775197594
G09026370,NA,85132,0.6352261790182868,0.04161849710982659
G09027390,NA,87875,0.4350132625994695,0.08368200836820083
G09027810,NA,177813,0.5223880597014925,0.07246376811594203
G09030190,NA,85625,0.32547864506627394,0.08468677494199536
G09030540,NA,114853,0.5226244343891403,0.01918859649122807
G09031270,NA,87617,0.5,0.05119094617712857
G09031520,NA,120962,0.5964424680377988,0.023209283713485393
G09033690,NA,97616,0.5694687983496648,0.08404183281920097
G09034180,NA,53750,0.2849075975359343,0.13703296703296702
G09034460,NA,112813,0.7307692307692307,0.018036072144288578
G09035020,NA,85767,0.6036525172754196,0.058800922367409685
G09037000,NA,34338,0.1682105514252773,0.30087339599928287
G09037770,NA,81223,0.30462184873949577,0.036060733867566426
G09037930,NA,55689,0.43044025157232707,0.06671518680252304
G09038050,NA,85682,0.5728241563055062,0.09959893048128342
G09039940,NA,52315,0.08492022645393721,0.14307138572285544
G09040150,NA,84766,0.36861084979617437,0.030288166768853465
G09041410,NA,82652,0.44861273935130913,0.06006445941986522
G09041830,NA,74019,0.4398496240601504,0.0511265164644714
G09043300,NA,73438,0.3996101364522417,0.16033057851239668
G09043790,NA,57473,0.3562559694364852,0.07327372081470442
G09044630,NA,63750,0.5560821484992101,0.08764940239043825
G09044690,NA,56606,0.28355225585379784,0.1240477314096946
G09045120,NA,57096,0.5592592592592592,0.17361894024802707
G09045995,NA,101667,0.26119402985074625,0.018867924528301886
G09046450,NA,57886,0.22464273658152356,0.1168864140277237
G09047290,NA,67651,0.37637345188948873,0.1143929735089956
G09047515,NA,89583,0.41873098106279705,0.05302300489383839
G09049110,NA,82974,0.1797274275979557,0.06645962732919254
G09049180,NA,57764,0.12902019446522064,0.1620311303904057
G09049810,NA,91035,0.596954898017811,0.06132792701469843
G09049880,NA,70512,0.2829255248027811,0.08622239342578325
G09050370,NA,45258,0.19761617954732771,0.21967530342482322
G09051420,NA,50828,0.2583732057416268,0.13100848256361922
G09052000,NA,41142,0.35374048451486523,0.2586325740169369
G09052210,NA,80310,0.39980212268393595,0.044999167914794476
G09052280,NA,39675,0.24411361654416344,0.29043485733929186
G09052560,NA,55944,0.28630448254492874,0.06778635194431835
G09052770,NA,95750,0.44836272040302266,0.009911894273127754
G09052910,NA,134531,0.6497263487099296,0.03184386235233693
G09053120,NA,76111,0.4772914946325351,0.09883103081827843
G09053260,NA,111786,0.5448997384481256,0.06140350877192982
G09053400,NA,63281,0.4253731343283582,0.06477732793522267
G09054660,NA,150313,0.671875,0.012673506336753168
G09054730,NA,51250,0.11467324290998766,0.08339889850511409
G09054940,NA,99094,0.4267288535728681,0.043590612556129796
G09055725,NA,104375,0.3400673400673401,0.0767080745341615
G09055990,NA,82474,0.4182423329899358,0.09680797777878968
G09056200,NA,55391,0.2082687524781026,0.14061344687794805
G09056690,NA,68117,0.22867316922124167,0.04615211013315279
G09056900,NA,233519,0.8015409759514359,0.037744162138346304
G09057180,NA,86300,0.3949093713844967,0.10157819225251076
G09057390,NA,68824,0.4309651474530831,0.06485911749069644
G09057670,NA,117215,0.5721052101179079,0.03415970020178726
G09058520,NA,57321,0.17771639042357273,0.10090782122905027
G09059140,NA,57634,0.3497842502696872,0.16115465494169376
G09059210,NA,110573,0.5270903010033445,0.07559552746718522
G09060090,NA,47347,0.10541989279332936,0.09360613810741689
G09060260,NA,68125,0.3141654978962132,0.06257242178447277
G09061730,NA,58634,0.1540880503144654,0.24489795918367346
G09061870,NA,72188,0.2865154840282858,0.0894708128750682
G09062640,NA,54087,0.19646485168630637,0.09070498428378986
G09063270,NA,74745,0.2639442231075697,0.018475750577367205
G09063900,NA,130091,0.7510869565217392,0.011427853823935703
G09064530,NA,178250,0.6964520367936925,0.057998573805562156
G09065230,NA,38515,0.1869101354123923,0.13439823740016524
G09066455,NA,102689,0.4646017699115044,0.06975754997873246
G09067050,NA,98906,0.522248243559719,0.05272895467160037
G09067890,NA,NA,0.4126126126126126,0.23741007194244604
G09068100,NA,94446,0.4026401542860943,0.044128517222687624
G09068450,NA,82683,0.2927441626914386,0.03471196454948301
G09069010,NA,108264,0.6342447333034513,0.05207296849087894
G09069150,NA,102875,0.41335333833458365,0.03762586115527292
G09069990,NA,78906,0.5210970464135021,0.06266786034019696
G09071040,NA,185556,0.744277821625888,0.07992788461538461
G09071250,NA,59896,0.19469026548672566,0.05511811023622047
G09071460,NA,88510,0.2738830366872503,0.06117952041477641
G09071530,NA,78167,0.3737596471885336,0
G09072300,NA,58946,0.20200752823086573,0.09679383116883117
G09073000,NA,89309,0.49710324283476987,0.09270541613685829
G09073700,NA,77778,0.6227154046997389,0.0717439293598234
G09073980,NA,27879,0.5208955223880597,0.4560482812909997
G09074260,NA,75845,0.33133679635322805,0.08690115572362962
G09074655,NA,75547,0.4126984126984127,0.12443778110944528
G09075100,NA,68792,0.40077444336882867,0.061074319352465045
G09075200,NA,107813,0.6575654152445961,0.014084507042253521
G09075240,NA,66875,0.22580645161290322,0.05831798649478207
G09075660,NA,53153,0.2532418001525553,0.13943112102621305
G09075940,NA,46195,0.2112988564601468,0.2553191489361702
G09076500,NA,63576,0.2267129160495752,0.09763687068838985
G09077270,NA,118707,0.5405602626991527,0.01825885763666267
G09078880,NA,67519,0.2917099213999703,0.05957518354536793
G09080000,NA,41617,0.15781759189423802,0.23007656738491492
G09080210,NA,49150,0.22455499771793702,0.12844378257632166
G09080420,NA,67121,0.47774244833068363,0.05836341756919374
G09080630,NA,79485,0.15917843388960207,0.14080242240726723
G09080770,NA,119659,0.7288311688311688,0.00939306358381503
G09081750,NA,66122,0.341995841995842,0.1755577109602328
G09082660,NA,99280,0.6355118829981719,0.07481377874638129
G09082800,NA,58112,0.2454921422663358,0.12861804630326903
G09083570,NA,187988,0.7796674635948707,0.04747087343512555
G09083990,NA,146667,0.6606851549755302,0.05252274607113317
G09084970,NA,83391,0.42869131917125625,0.04815238095238095
G09085810,NA,39489,0.19079973267988415,0.27838224767358627
G09086380,NA,60855,0.7245080500894454,0.007556675062972292
G09087140,NA,66846,0.24022038567493112,0.07148555927876177
G09087350,NA,53870,0.16561139691333598,0.2357811863716574
G09087980,NA,68295,0.5108388312912346,0.01819454163750875
G09088050,NA,92344,0.5505090054815975,0.054770318021201414
